day,strategy,open,close,profit_rs,profit_pct
2026-09-23,unified,49880.63,49781.28,-218.72,-0.437
2026-09-22,intraday,49909.68,49909.68,-90.32,-0.181
2026-09-23,intraday,49908.85,49726.41,-183.27,-0.367
2026-09-22,intraweek,49867.03,49867.03,-132.97,-0.266
2026-09-23,intraweek,50012.97,49684.77,-182.26,-0.365
2026-09-22,intramonth,49867.03,49867.03,-132.97,-0.266
2026-09-23,intramonth,49886.51,49848.01,-19.02,-0.038
2026-09-22,random_hold,49867.03,49867.03,-132.97,-0.266
2026-09-23,random_hold,50012.97,49684.77,-182.26,-0.365
2026-09-22,gold,49915.92,49915.92,-84.08,-0.168
2026-09-23,gold,50235.93,50051.93,136.01,0.272
2026-09-22,gold_trend,49915.92,49915.92,-84.08,-0.168
2026-09-23,gold_trend,50235.93,50051.93,136.01,0.272
2026-09-22,nifty_calls,50000.0,50000.0,0.0,0.0
2026-09-23,nifty_calls,50000.0,50000.0,0.0,0.0
2026-09-22,benchmark,49915.92,49915.92,-84.08,-0.168
2026-09-23,benchmark,50015.04,50166.51,250.59,0.502
