strategy,time,equity
unified,2026-09-28T11:31:07.188052+05:30,199490.72
intraday,2026-09-28T11:31:07.188052+05:30,200000.0
intraweek,2026-09-28T11:31:07.188052+05:30,199468.41
intramonth,2026-09-28T11:31:07.188052+05:30,199468.41
random_hold,2026-09-28T11:31:07.188052+05:30,199468.41
gold,2026-09-28T11:31:07.188052+05:30,199663.0
gold_trend,2026-09-28T11:31:07.188052+05:30,200000.0
nifty_calls,2026-09-28T11:31:07.188052+05:30,199937.48
benchmark,2026-09-28T11:31:07.188052+05:30,199663.07
oracle,2026-09-28T11:31:07.188052+05:30,199474.15
statarb,2026-09-28T11:31:07.188052+05:30,200000.0
