strategy,time,side,symbol,qty,price,value,costs,product,reason,pnl
intraday,2026-09-22T13:51:36.558998+05:30,BUY,LIQUIDADD.NS,8,1147.5087,9180.07,3.87,intraday,intraday model pick at 10:20,
intraday,2026-09-22T13:51:36.558998+05:30,BUY,LIQUID1.NS,8,1125.3555,9002.84,3.79,intraday,intraday model pick at 10:20,
intraday,2026-09-22T13:51:36.558998+05:30,BUY,LIQUIDBEES.NS,9,1001.51,9013.59,3.8,intraday,intraday model pick at 10:20,
intraday,2026-09-22T13:51:36.558998+05:30,BUY,HDFCSML250.NS,54,184.276,9950.9,4.19,intraday,intraday model pick at 10:20,
intraday,2026-09-22T13:51:36.558998+05:30,BUY,BANKBEES.NS,17,583.3537,9917.01,4.18,intraday,intraday model pick at 10:20,
intraday,2026-09-23T09:59:00.516111+05:30,SELL,LIQUIDADD.NS,8,1144.221,9153.77,5.87,intraday,missed close; sold next session,-32.17
intraday,2026-09-23T09:59:00.516111+05:30,SELL,LIQUID1.NS,8,1122.1143,8976.91,5.76,intraday,missed close; sold next session,-31.69
intraday,2026-09-23T09:59:00.516111+05:30,SELL,LIQUIDBEES.NS,9,998.49,8986.41,5.76,intraday,missed close; sold next session,-32.94
intraday,2026-09-23T09:59:00.516111+05:30,SELL,HDFCSML250.NS,54,184.7425,9976.09,6.4,intraday,missed close; sold next session,18.79
intraday,2026-09-23T09:59:00.516111+05:30,SELL,BANKBEES.NS,17,584.1225,9930.08,6.37,intraday,missed close; sold next session,6.7
intraweek,2026-09-22T13:51:36.558998+05:30,BUY,GROWWLIQID.NS,90,111.0063,9990.56,11.86,delivery,model rank 1.000,
intraweek,2026-09-22T13:51:36.558998+05:30,BUY,NEXT50.NS,13,744.1946,9674.53,11.49,delivery,model rank 0.933,
intraweek,2026-09-22T13:51:36.558998+05:30,BUY,NEXT50BETA.NS,128,77.7865,9956.67,11.82,delivery,model rank 0.867,
intraweek,2026-09-22T13:51:36.558998+05:30,BUY,BANKBETA.NS,171,58.3073,9970.55,11.84,delivery,model rank 0.800,
intraweek,2026-09-22T13:51:36.558998+05:30,BUY,HDFCGOLD.NS,77,128.9331,9927.85,11.79,delivery,model rank 0.733,
intraweek,2026-09-23T10:11:42.126226+05:30,SELL,GROWWLIQID.NS,90,110.7591,9968.32,25.68,delivery,not a company (fund or ETF); exited,-47.92
intraweek,2026-09-23T10:11:42.126226+05:30,SELL,NEXT50.NS,13,743.6956,9668.04,25.37,delivery,not a company (fund or ETF); exited,-31.86
intraweek,2026-09-23T10:11:42.126226+05:30,SELL,NEXT50BETA.NS,128,77.7821,9956.11,25.67,delivery,not a company (fund or ETF); exited,-26.23
intraweek,2026-09-23T10:11:42.126226+05:30,SELL,BANKBETA.NS,171,58.4315,9991.79,25.71,delivery,not a company (fund or ETF); exited,-4.47
intraweek,2026-09-23T10:11:42.126226+05:30,SELL,HDFCGOLD.NS,77,129.4005,9963.84,25.68,delivery,not a company (fund or ETF); exited,10.31
intraweek,2026-09-23T10:11:42.126226+05:30,BUY,SONACOMS.NS,12,811.7158,9740.59,11.57,delivery,model rank 1.000,
intraweek,2026-09-23T10:11:42.126226+05:30,BUY,KTKBANK.NS,29,343.6147,9964.83,11.83,delivery,model rank 0.999,
intraweek,2026-09-23T10:11:42.126226+05:30,BUY,LAURUSLABS.NS,4,2027.5368,8110.15,9.63,delivery,model rank 0.999,
intraweek,2026-09-23T10:11:42.126226+05:30,BUY,CORONA.NS,4,2196.69,8786.76,10.43,delivery,model rank 0.998,
intraweek,2026-09-23T10:11:42.126226+05:30,BUY,SWANDEF.NS,3,2784.0698,8352.21,9.92,delivery,model rank 0.997,
intramonth,2026-09-22T13:51:36.558998+05:30,BUY,GROWWLIQID.NS,90,111.0063,9990.56,11.86,delivery,model rank 1.000,
intramonth,2026-09-22T13:51:36.558998+05:30,BUY,NEXT50.NS,13,744.1946,9674.53,11.49,delivery,model rank 0.933,
intramonth,2026-09-22T13:51:36.558998+05:30,BUY,NEXT50BETA.NS,128,77.7865,9956.67,11.82,delivery,model rank 0.867,
intramonth,2026-09-22T13:51:36.558998+05:30,BUY,BANKBETA.NS,171,58.3073,9970.55,11.84,delivery,model rank 0.800,
intramonth,2026-09-22T13:51:36.558998+05:30,BUY,HDFCGOLD.NS,77,128.9331,9927.85,11.79,delivery,model rank 0.733,
intramonth,2026-09-23T09:59:00.516111+05:30,SELL,GROWWLIQID.NS,90,110.6937,9962.43,25.68,delivery,fell out of the top 25%,-53.8
intramonth,2026-09-23T09:59:00.516111+05:30,SELL,HDFCGOLD.NS,77,129.3257,9958.08,25.67,delivery,fell out of the top 25%,4.56
intramonth,2026-09-23T09:59:00.516111+05:30,BUY,SONACOMS.NS,5,809.863,4049.31,4.81,delivery,model rank 1.000,
intramonth,2026-09-23T09:59:00.516111+05:30,BUY,KTKBANK.NS,11,341.2111,3753.32,4.46,delivery,model rank 0.999,
intramonth,2026-09-23T09:59:00.516111+05:30,BUY,LAURUSLABS.NS,2,2025.033,4050.07,4.81,delivery,model rank 0.999,
intramonth,2026-09-23T09:59:00.516111+05:30,BUY,CORONA.NS,1,2196.2895,2196.29,2.61,delivery,model rank 0.998,
intramonth,2026-09-23T09:59:00.516111+05:30,BUY,SWANDEF.NS,1,2778.762,2778.76,3.3,delivery,model rank 0.997,
intramonth,2026-09-23T10:11:42.126226+05:30,SELL,NEXT50.NS,13,743.6956,9668.04,25.37,delivery,not a company (fund or ETF); exited,-31.86
intramonth,2026-09-23T10:11:42.126226+05:30,SELL,NEXT50BETA.NS,128,77.7821,9956.11,25.67,delivery,not a company (fund or ETF); exited,-26.23
intramonth,2026-09-23T10:11:42.126226+05:30,SELL,BANKBETA.NS,171,58.4315,9991.79,25.71,delivery,not a company (fund or ETF); exited,-4.47
random_hold,2026-09-22T13:51:36.558998+05:30,BUY,GROWWLIQID.NS,90,111.0063,9990.56,11.86,delivery,model rank 1.000,
random_hold,2026-09-22T13:51:36.558998+05:30,BUY,NEXT50.NS,13,744.1946,9674.53,11.49,delivery,model rank 0.933,
random_hold,2026-09-22T13:51:36.558998+05:30,BUY,NEXT50BETA.NS,128,77.7865,9956.67,11.82,delivery,model rank 0.867,
random_hold,2026-09-22T13:51:36.558998+05:30,BUY,BANKBETA.NS,171,58.3073,9970.55,11.84,delivery,model rank 0.800,
random_hold,2026-09-22T13:51:36.558998+05:30,BUY,HDFCGOLD.NS,77,128.9331,9927.85,11.79,delivery,model rank 0.733,
random_hold,2026-09-23T10:11:42.126226+05:30,SELL,GROWWLIQID.NS,90,110.7591,9968.32,25.68,delivery,not a company (fund or ETF); exited,-47.92
random_hold,2026-09-23T10:11:42.126226+05:30,SELL,NEXT50.NS,13,743.6956,9668.04,25.37,delivery,not a company (fund or ETF); exited,-31.86
random_hold,2026-09-23T10:11:42.126226+05:30,SELL,NEXT50BETA.NS,128,77.7821,9956.11,25.67,delivery,not a company (fund or ETF); exited,-26.23
random_hold,2026-09-23T10:11:42.126226+05:30,SELL,BANKBETA.NS,171,58.4315,9991.79,25.71,delivery,not a company (fund or ETF); exited,-4.47
random_hold,2026-09-23T10:11:42.126226+05:30,SELL,HDFCGOLD.NS,77,129.4005,9963.84,25.68,delivery,not a company (fund or ETF); exited,10.31
random_hold,2026-09-23T10:11:42.126226+05:30,BUY,SONACOMS.NS,12,811.7158,9740.59,11.57,delivery,model rank 1.000,
random_hold,2026-09-23T10:11:42.126226+05:30,BUY,KTKBANK.NS,29,343.6147,9964.83,11.83,delivery,model rank 0.999,
random_hold,2026-09-23T10:11:42.126226+05:30,BUY,LAURUSLABS.NS,4,2027.5368,8110.15,9.63,delivery,model rank 0.999,
random_hold,2026-09-23T10:11:42.126226+05:30,BUY,CORONA.NS,4,2196.69,8786.76,10.43,delivery,model rank 0.998,
random_hold,2026-09-23T10:11:42.126226+05:30,BUY,SWANDEF.NS,3,2784.0698,8352.21,9.92,delivery,model rank 0.997,
gold,2026-09-22T13:51:36.558998+05:30,BUY,GOLDBEES.NS,400,124.5823,49832.9,59.17,delivery,gold held,
gold_trend,2026-09-22T13:51:36.558998+05:30,BUY,GOLDBEES.NS,400,124.5823,49832.9,59.17,delivery,above 200-day average,
benchmark,2026-09-22T13:51:36.558998+05:30,BUY,NIFTYBEES.NS,187,266.4932,49834.22,59.17,delivery,benchmark held,
